{
  "version": 1,
  "width": 75,
  "height": 40,
  "duration": 26.184806,
  "command": null,
  "title": null,
  "env": {
    "TERM": "xterm-256color",
    "SHELL": "/bin/zsh"
  },
  "stdout": [
    [
      0.133507,
      "\u001b[1m\u001b[7m%\u001b[27m\u001b[1m\u001b[0m                                                                          \r \r\u001b]2;padams@botschafter: ~/Documents/Code/hello-world\u0007\u001b]1;..e/hello-world\u0007"
    ],
    [
      0.02161,
      "\r\u001b[0m\u001b[27m\u001b[24m\u001b[Jbotschafter \u001b[01;34m:: \u001b[00m\u001b[32mDocuments/Code/hello-world \u001b[33m‹master*› \u001b[00m\u001b[01;34m»\u001b[00m \u001b[K"
    ],
    [
      9.3e-05,
      "\u001b[?1h\u001b="
    ],
    [
      3.7e-05,
      "\u001b[?2004h"
    ],
    [
      1.58491,
      "c"
    ],
    [
      0.159049,
      "\bcu"
    ],
    [
      0.248228,
      "r"
    ],
    [
      0.11929,
      "l"
    ],
    [
      0.208557,
      " "
    ],
    [
      0.583912,
      "l"
    ],
    [
      0.175951,
      "o"
    ],
    [
      0.120045,
      "c"
    ],
    [
      0.160104,
      "a"
    ],
    [
      0.055928,
      "l"
    ],
    [
      0.231865,
      "h"
    ],
    [
      0.056073,
      "o"
    ],
    [
      0.128022,
      "s"
    ],
    [
      0.272087,
      "t"
    ],
    [
      0.375838,
      ":"
    ],
    [
      0.760038,
      "5"
    ],
    [
      0.336889,
      "0"
    ],
    [
      0.135056,
      "0"
    ],
    [
      0.080012,
      "0"
    ],
    [
      0.712115,
      "\u001b[?1l\u001b>"
    ],
    [
      3.5e-05,
      "\u001b[?2004l\r\r\n"
    ],
    [
      0.001019,
      "\u001b]2;curl localhost:5000\u0007\u001b]1;curl\u0007"
    ],
    [
      0.013015,
      "Hello, World!"
    ],
    [
      0.000665,
      "\u001b[1m\u001b[7m%\u001b[27m\u001b[1m\u001b[0m                                                                          \r \r"
    ],
    [
      0.000142,
      "\u001b]2;padams@botschafter: ~/Documents/Code/hello-world\u0007"
    ],
    [
      3e-05,
      "\u001b]1;..e/hello-world\u0007"
    ],
    [
      0.023226,
      "\r\u001b[0m\u001b[27m\u001b[24m\u001b[Jbotschafter \u001b[01;34m:: \u001b[00m\u001b[32mDocuments/Code/hello-world \u001b[33m‹master*› \u001b[00m\u001b[01;34m»\u001b[00m \u001b[K"
    ],
    [
      3.5e-05,
      "\u001b[?1h\u001b="
    ],
    [
      4.7e-05,
      "\u001b[?2004h"
    ],
    [
      1.608772,
      "d"
    ],
    [
      0.080805,
      "\bdo"
    ],
    [
      0.872113,
      "cker stop b9fa991979ff502127ab41d135556f095b4850c1e47fea71d82d71f159ffeb3d\u001b[K"
    ],
    [
      1.175221,
      "\u001b[A\u001b[6Crun -d -e HAB_HELLOWORLDSERVICE='name=\"Paul\"' -p 5001:5000 therealpadams/helloworldservice\u001b[K"
    ],
    [
      3.168313,
      "\u001b[?1l\u001b>"
    ],
    [
      2.4e-05,
      "\u001b[?2004l\r\r\n"
    ],
    [
      0.00204,
      "\u001b]2;docker run -d -e HAB_HELLOWORLDSERVICE='name=\"Paul\"' -p 5001:5000 \u0007\u001b]1;docker\u0007"
    ],
    [
      0.353194,
      "6ac8f7da2aac141741a7e4b22e9121764c3a0233ddf84746b021a35b4c391b5d\r\n"
    ],
    [
      0.562468,
      "\u001b[1m\u001b[7m%\u001b[27m\u001b[1m\u001b[0m                                                                          \r \r"
    ],
    [
      8.9e-05,
      "\u001b]2;padams@botschafter: ~/Documents/Code/hello-world\u0007\u001b]1;..e/hello-world\u0007"
    ],
    [
      0.024668,
      "\r\u001b[0m\u001b[27m\u001b[24m\u001b[Jbotschafter \u001b[01;34m:: \u001b[00m\u001b[32mDocuments/Code/hello-world \u001b[33m‹master*› \u001b[00m\u001b[01;34m»\u001b[00m \u001b[K"
    ],
    [
      2.7e-05,
      "\u001b[?1h\u001b=\u001b[?2004h"
    ],
    [
      1.721784,
      "c"
    ],
    [
      0.071774,
      "\bcu"
    ],
    [
      0.144032,
      "r"
    ],
    [
      0.327943,
      "l"
    ],
    [
      0.183855,
      " "
    ],
    [
      0.51222,
      "l"
    ],
    [
      0.336014,
      "o"
    ],
    [
      0.159797,
      "c"
    ],
    [
      0.16019,
      "a"
    ],
    [
      0.079923,
      "l"
    ],
    [
      0.224618,
      "h"
    ],
    [
      0.055349,
      "o"
    ],
    [
      0.120162,
      "s"
    ],
    [
      0.367785,
      "t"
    ],
    [
      0.744074,
      ":"
    ],
    [
      1.071875,
      "5"
    ],
    [
      0.408199,
      "0"
    ],
    [
      0.103808,
      "0"
    ],
    [
      0.103966,
      "1"
    ],
    [
      0.711183,
      "\u001b[?1l\u001b>"
    ],
    [
      2.4e-05,
      "\u001b[?2004l\r\r\n"
    ],
    [
      0.000778,
      "\u001b]2;curl localhost:5001\u0007\u001b]1;curl\u0007"
    ],
    [
      0.013196,
      "Hello, Paul!"
    ],
    [
      0.000558,
      "\u001b[1m\u001b[7m%\u001b[27m\u001b[1m\u001b[0m                                                                          \r \r"
    ],
    [
      9.5e-05,
      "\u001b]2;padams@botschafter: ~/Documents/Code/hello-world\u0007\u001b]1;..e/hello-world\u0007"
    ],
    [
      0.024662,
      "\r\u001b[0m\u001b[27m\u001b[24m\u001b[Jbotschafter \u001b[01;34m:: \u001b[00m\u001b[32mDocuments/Code/hello-world \u001b[33m‹master*› \u001b[00m\u001b[01;34m»\u001b[00m \u001b[K"
    ],
    [
      2.2e-05,
      "\u001b[?1h\u001b="
    ],
    [
      5e-05,
      "\u001b[?2004h"
    ],
    [
      3.97965,
      "\u001b[?2004l\r\r\n"
    ]
  ]
}